ID,PHASE_climbing_ABOVE-FL100_DUR,PHASE_cruising_DUR,PHASE_descending_ABOVE-FL100_DUR,lat_median_climbing_ABOVE-FL100,lat_iqr_climbing_ABOVE-FL100,lon_median_climbing_ABOVE-FL100,lon_iqr_climbing_ABOVE-FL100,h_median_climbing_ABOVE-FL100,h_iqr_climbing_ABOVE-FL100,vdot_median_climbing_ABOVE-FL100,vdot_iqr_climbing_ABOVE-FL100,hdot_median_climbing_ABOVE-FL100,hdot_iqr_climbing_ABOVE-FL100,tempr_median_climbing_ABOVE-FL100,tempr_iqr_climbing_ABOVE-FL100,vwind_median_climbing_ABOVE-FL100,vwind_iqr_climbing_ABOVE-FL100,uwind_median_climbing_ABOVE-FL100,uwind_iqr_climbing_ABOVE-FL100,lat_median_cruising,lat_iqr_cruising,lon_median_cruising,lon_iqr_cruising,h_median_cruising,h_iqr_cruising,vdot_median_cruising,vdot_iqr_cruising,hdot_median_cruising,hdot_iqr_cruising,tempr_median_cruising,tempr_iqr_cruising,vwind_median_cruising,vwind_iqr_cruising,uwind_median_cruising,uwind_iqr_cruising,lat_median_descending_ABOVE-FL100,lat_iqr_descending_ABOVE-FL100,lon_median_descending_ABOVE-FL100,lon_iqr_descending_ABOVE-FL100,h_median_descending_ABOVE-FL100,h_iqr_descending_ABOVE-FL100,vdot_median_descending_ABOVE-FL100,vdot_iqr_descending_ABOVE-FL100,hdot_median_descending_ABOVE-FL100,hdot_iqr_descending_ABOVE-FL100,tempr_median_descending_ABOVE-FL100,tempr_iqr_descending_ABOVE-FL100,vwind_median_descending_ABOVE-FL100,vwind_iqr_descending_ABOVE-FL100,uwind_median_descending_ABOVE-FL100,uwind_iqr_descending_ABOVE-FL100
20180813_519605,940,7300,1920,48.80719,0.29352378845214844,3.6160922,1.3195167779922485,24611.111,10217.8935546875,-0.05177559,7.912505865097046,-0.057854146,0.5725877285003662,-26.066452,25.921310424804688,1.1602478,7.6222686767578125,15.834427,3.5560302734375,45.91915,3.0926246643066406,15.87909,10.503543853759766,39000.0,0.0,-0.041356694,0.032321314327418804,-0.057854146,0.5725877285003662,-52.997528,1.1003875732421875,1.638443,18.986404418945312,11.596405,9.03125,41.25524,0.5435619354248047,27.741238,1.256603717803955,12000.0,6285.7138671875,-0.03593451,0.13676383160054684,-0.057854146,0.5725877285003662,3.6944275,14.33819580078125,-2.472519,2.2444305419921875,-1.8218307,4.0328369140625
20181213_444071,1060,7400,1280,48.1495,0.9326858520507812,2.8640494,0.318737268447876,25000.0,9649.1484375,-0.046372466,9.549621976912022,-1.4974688e-12,0.236990399660177,-30.652267,21.54107666015625,-10.720718,5.598541259765625,14.45314,3.237518310546875,44.948505,2.2564077377319336,15.025288,12.106208562850952,35000.0,0.0,-0.00086444715,0.04151301458477974,-1.4974688e-12,0.236990399660177,-52.20717,3.449127197265625,-10.82943,6.4499053955078125,34.130142,8.79296875,41.237896,0.5066604614257812,27.83737,1.316843032836914,17000.0,3451.1767578125,-0.09591019,15.00053395703435,-1.4974688e-12,0.236990399660177,-22.062378,11.904586791992188,-0.06854248,2.3461151123046875,22.623215,3.602081298828125
20180419_478047,500,8540,1900,49.08059,0.041309356689453125,3.4722126,0.5979135036468506,19354.545,7551.4619140625,0.03866963,8.647201455198228,-0.093892954,0.5803894996642791,-13.750641,18.044296264648438,6.7515717,1.0172576904296875,-4.2573853,2.5345611572265625,48.802357,4.008695602416992,17.023905,11.26914644241333,39000.0,2000.0,-0.12994604,0.18508337438106537,-0.093892954,0.5803894996642791,0.0,0.0,0.0,0.0,0.0,0.0,41.25432,0.5475006103515625,27.742952,1.2509689331054688,12000.0,6341.462890625,-0.037884384,0.15899179875850677,-0.093892954,0.5803894996642791,-1.7095642,6.63751220703125,-2.9450226,1.9638214111328125,3.97023,2.47021484375
20180119_417536,680,6840,1440,48.907974,0.23784637451171875,3.2476964,0.8622340559959412,22789.473,8056.59814453125,-0.023486359,16.01654613018036,-0.06426112,0.6288992315530915,-43.051926,19.166664123535156,-5.1516037,1.6180953979492188,25.606903,4.4561309814453125,46.02428,3.1533946990966797,15.530832,11.112890243530273,39000.0,0.0,-0.056493744,0.04793325159698725,-0.06426112,0.6288992315530915,-58.558975,5.2220306396484375,-2.9195862,17.36040496826172,53.057693,21.134796142578125,41.296402,0.6496362686157227,27.66471,1.3656654357910156,17000.0,6579.99951171875,-0.091212906,0.2939068581908941,-0.06426112,0.6288992315530915,-17.270706,17.7919921875,-7.4565735,4.3616790771484375,10.236633,17.152099609375
20180119_425824,840,6680,1380,48.8283,0.22870540618896484,3.496326,1.1690909266471863,24000.0,9263.11865234375,-0.059748016,21.891251921653748,-0.029242085,0.3645998761057925,-42.82747,19.400890350341797,-14.373856,3.8370513916015625,25.977936,2.9896774291992188,45.941776,3.138503074645996,15.804396,10.796762704849243,39000.0,0.0,-0.055404954,0.04527859855443239,-0.029242085,0.3645998761057925,-58.112045,4.8336944580078125,0.48272705,15.1429443359375,51.197037,17.757843017578125,41.305954,0.6682624816894531,27.646938,1.377227783203125,17000.0,7000.0,-0.10237298,1.197027064859867,-0.029242085,0.3645998761057925,-16.482391,16.1539306640625,1.1887207,9.819107055664062,16.744415,13.664443969726562
20180815_593381,560,8180,1700,48.94748,0.21877670288085938,3.1246102,0.6825826168060303,19064.557,7302.1337890625,0.005319989,11.656588602811098,-0.05273084,0.4542994946241863,-10.359039,17.86407470703125,-3.0477905,5.104846954345703,6.8125153,0.5540618896484375,47.016445,3.6846466064453125,16.159813,11.152718544006348,37000.0,575.98046875,-0.06234358,0.12276679091155529,-0.05273084,0.4542994946241863,0.0,0.0,0.0,0.0,0.0,0.0,41.245354,0.5321846008300781,27.759592,1.237161636352539,12000.0,5461.5390625,-0.046219572,0.174584548920393,-0.05273084,0.4542994946241863,4.3467712,15.3507080078125,1.5103455,1.55859375,0.9373627,2.16796875
20180419_468938,720,8620,1580,48.805855,0.1371622085571289,3.6368773,0.907013475894928,25209.615,11285.28759765625,-0.04080221,11.427493393421173,-0.08780348,0.48947495967149734,-29.367004,27.981582641601562,6.1180115,2.4613800048828125,-3.800949,3.1190032958984375,45.771084,3.649709701538086,15.845003,11.040740966796875,35000.0,0.0,-0.03921647,0.057232901686802506,-0.08780348,0.48947495967149734,-52.19786,1.2804412841796875,-12.342468,5.6520233154296875,-22.557861,10.133697509765625,41.230118,0.5050487518310547,27.793283,1.2010927200317383,12000.0,5050.0,-0.053897474,0.22780082374811172,-0.08780348,0.48947495967149734,-2.1688538,11.3369140625,-3.1590576,1.78515625,3.637619,2.059967041015625
20180813_511378,840,7400,1860,48.8252,0.22817230224609375,3.5059805,1.1756440997123718,24000.0,9288.2763671875,-0.051738895,9.322878282517195,-1.5667467e-12,0.24627855047587088,-25.272125,24.270137786865234,3.0794067,5.72210693359375,24.276215,4.599018096923828,45.936726,3.18023681640625,15.790087,10.493785858154297,39000.0,0.0,-0.035302795,0.06175516080111265,-1.5667467e-12,0.24627855047587088,-53.30623,0.5321502685546875,1.0942078,15.608566284179688,7.2802124,12.026622772216797,41.302242,0.6694602966308594,27.65385,1.3748855590820312,12000.0,8385.931640625,-0.06128467,0.06417039968073368,-1.5667467e-12,0.24627855047587088,3.6195374,20.608642578125,-1.8350677,0.4375,-0.77545166,1.5302276611328125
20180418_468938,720,8620,1580,48.805855,0.1371622085571289,3.6368773,0.907013475894928,25209.615,11285.28759765625,-0.04080221,11.427493393421173,-0.08780348,0.48947495967149734,-29.367004,27.981582641601562,6.1180115,2.4613800048828125,-3.800949,3.1190032958984375,45.771084,3.649709701538086,15.845003,11.040740966796875,35000.0,0.0,-0.03921647,0.057232901686802506,-0.08780348,0.48947495967149734,-52.19786,1.2804412841796875,-12.342468,5.6520233154296875,-22.557861,10.133697509765625,41.230118,0.5050487518310547,27.793283,1.2010927200317383,12000.0,5050.0,-0.053897474,0.22780082374811172,-0.08780348,0.48947495967149734,-2.1688538,11.3369140625,-3.1590576,1.78515625,3.637619,2.059967041015625
20180819_713857,960,7780,1900,48.80136,0.3250131607055664,3.702732,1.3670243620872498,25083.367,10627.328125,-0.08018374,10.370145082473755,-1.608047e-12,0.4417076632381045,-24.423637,27.568099975585938,-2.217659,2.54595947265625,-3.5850677,7.973297119140625,45.878445,3.198986053466797,15.930239,10.466981887817383,37000.0,2000.0,-0.03142397,0.05904151266440749,-1.608047e-12,0.4417076632381045,0.0,0.0,0.0,0.0,0.0,0.0,41.237503,0.51434326171875,27.774157,1.2248153686523438,12000.0,5146.5517578125,-0.035900008,0.16362890601158142,-1.608047e-12,0.4417076632381045,1.1842041,4.228118896484375,-3.7861786,2.2400588989257812,-9.727737,6.011589050292969
20180816_623840,960,7620,1820,48.797935,0.3705329895019531,3.75673,1.4608556032180786,25746.668,10512.41259765625,-0.07533062,3.5571965691633523,-1.5534241e-12,0.7776841372251511,-31.539948,22.647232055664062,12.44548,2.1103057861328125,12.774223,1.902191162109375,45.80557,3.158611297607422,16.247911,10.492335319519043,39000.0,2000.0,-0.040079497,0.025741943158209324,-1.5534241e-12,0.7776841372251511,-53.464172,1.528656005859375,1.1995239,5.0390625,3.3833466,8.59466552734375,41.24996,0.5589332580566406,27.751041,1.2527742385864258,12000.0,6587.5,-0.043969274,0.19026443362236023,-1.5534241e-12,0.7776841372251511,3.8931274,14.152435302734375,7.586609,2.62451171875,2.6329346,1.91015625
20181214_480108,960,8000,1080,48.78138,0.2815589904785156,4.0050864,1.160857617855072,23687.64,9682.01025390625,-0.074418366,0.09015248820651323,-1.4961365e-12,0.2894616201520379,-33.246826,19.060806274414062,-23.229263,2.0802993774414062,12.786133,2.7919158935546875,46.769493,2.0637741088867188,17.535137,12.141986608505249,37000.0,0.0,0.015914802,0.18146589770913124,-1.4961365e-12,0.2894616201520379,-54.299377,6.6705322265625,3.5249634,15.668106079101562,19.68016,20.259307861328125,41.524086,0.8907108306884766,28.581755,0.22156286239624023,19000.0,5801.49267578125,-0.099965736,10.189421951770782,-1.4961365e-12,0.2894616201520379,-21.133057,11.523147583007812,-1.512619,1.22979736328125,17.806961,9.461639404296875
20180117_354524,920,6700,1680,48.80622,0.29498291015625,3.6296444,1.3098819851875305,24586.957,10195.08154296875,-0.06681053,13.743244886398315,-1.4974688e-12,0.45908623188734055,-37.352737,21.569717407226562,-39.883224,24.44110107421875,41.40944,11.900161743164062,45.79455,3.208049774169922,16.292984,10.676286220550537,35000.0,0.0,-0.055069372,0.03613230958580971,-1.4974688e-12,0.45908623188734055,-48.692413,2.9619140625,-7.326782,30.871551513671875,39.73709,17.5078125,41.22476,0.480682373046875,27.83537,1.1634531021118164,12000.0,3796.1162109375,-0.048533358,1.039998734369874,-1.4974688e-12,0.45908623188734055,-10.145599,8.21453857421875,3.3836365,3.6588783264160156,17.337067,7.26641845703125
20180118_364837,300,8260,1120,49.091644,0.003215789794921875,2.829666,0.4532632827758789,19526.316,7440.5458984375,18.780167,35.131775856018066,-0.6310559,0.14802956581115723,-24.283295,15.326202392578125,-33.278168,18.438796997070312,31.192719,11.92095947265625,48.459656,4.229015350341797,17.639154,12.453815460205078,35000.0,0.0,-0.13670503,0.2388438582420349,-0.6310559,0.14802956581115723,-50.617447,2.4091644287109375,-10.106689,37.78349304199219,27.66008,18.24169921875,41.44138,0.7685356140136719,28.673,0.25446271896362305,16000.0,4951.85302734375,0.0102445055,4.6756643783301115,-0.6310559,0.14802956581115723,-19.078262,10.695404052734375,4.302704,0.546875,20.280212,6.0026702880859375
20180417_434948,980,7400,2060,48.776115,0.3246421813964844,4.0835137,1.241943120956421,26074.285,11427.240234375,-0.0764404,3.2063535507768393,-1.5241142e-12,0.34081275761128804,-33.288498,26.645095825195312,-5.390732,11.276580810546875,8.427109,1.181427001953125,45.67991,3.241196632385254,16.402378,10.393127679824829,39000.0,0.0,-0.031839695,0.04839650518260896,-1.5241142e-12,0.34081275761128804,-55.23838,3.1507415771484375,0.16993713,34.444976806640625,-4.992447,6.861053466796875,41.24675,0.5368919372558594,27.757006,1.243922233581543,12000.0,5988.3720703125,-0.030383153,0.1282486952841282,-1.5241142e-12,0.34081275761128804,-5.3930054,14.599990844726562,10.017044,2.279937744140625,-1.0434113,2.5968475341796875
20181211_389299,720,7800,1700,48.80818,0.12413978576660156,3.6007729,0.7803370356559753,21531.645,9053.08642578125,-0.028531829,4.018439025618136,-0.032925926,0.44378458708524704,-23.853241,23.687240600585938,-22.408936,3.286041259765625,7.1005554,7.065338134765625,44.44271,4.555425643920898,14.775953,10.818878889083862,39000.0,6000.0,-0.050317228,0.07731368392705917,-0.032925926,0.44378458708524704,-47.173584,8.124740600585938,-21.36824,29.974258422851562,15.923096,4.2737884521484375,41.01271,0.13971328735351562,27.465477,1.7207660675048828,17000.0,7830.462890625,0.074640885,4.875289008021355,-0.032925926,0.44378458708524704,-23.593552,19.998947143554688,1.3111572,3.5545654296875,14.13884,2.3125
20180814_522650,940,7680,1700,48.805527,0.29070091247558594,3.6422234,1.3003348112106323,23806.521,9681.1748046875,-0.063161895,0.1120595671236515,-1.4965806e-12,0.33018776774406433,-26.399673,19.621658325195312,1.6038055,8.158462524414062,13.610687,4.4178619384765625,46.768684,3.6424484252929688,16.828522,10.181013107299805,37000.0,0.0,-0.06493994,0.1406278619542718,-1.4965806e-12,0.33018776774406433,-53.274582,1.8534393310546875,2.633606,19.6990966796875,13.526215,8.85546875,41.246944,0.5303916931152344,27.75664,1.2324504852294922,12000.0,5461.5390625,-0.04609862,0.15908360481262207,-1.4965806e-12,0.33018776774406433,3.9112854,14.076416015625,-2.0762634,1.1143035888671875,-0.3648529,2.87158203125
20180817_634683,920,7880,1720,48.81079,0.046878814697265625,3.266444,1.3580405712127686,23938.775,9649.189453125,0.0074645523,10.035273369401693,-0.0031552794,0.2304911986007796,-24.60852,17.919570922851562,14.946701,2.7172393798828125,13.373009,1.1889381408691406,45.880608,3.166691780090332,16.009853,10.693875789642334,37000.0,0.0,-0.044312246,0.041073139756917953,-0.0031552794,0.2304911986007796,-53.32675,1.4750442504882812,-0.51626587,6.05712890625,5.238449,9.047378540039062,41.244225,0.52532958984375,27.761683,1.2327666282653809,12000.0,5304.28857421875,-0.04432536,0.15609021484851837,-0.0031552794,0.2304911986007796,2.8035583,12.626136779785156,6.1056824,4.000156402587891,2.6440582,4.277717590332031
20180417_425547,900,8000,1740,48.81246,0.23978424072265625,3.5455852,1.202728033065796,23979.592,9514.544921875,-0.055588536,12.230149745941162,-5.684342e-14,0.43376730382442474,-25.392242,19.000686645507812,-4.093033,1.747039794921875,9.57132,3.519134521484375,45.86357,3.157782554626465,16.061659,10.766955614089966,35000.0,0.0,-0.03506575,0.02901733759790659,-5.684342e-14,0.43376730382442474,-52.581635,2.932170867919922,-2.295044,38.69355773925781,-6.814804,14.077911376953125,41.226006,0.5031700134277344,27.824913,1.1853914260864258,12000.0,4434.34375,-0.04603612,4.943387500941753,-5.684342e-14,0.43376730382442474,-5.5381775,9.4652099609375,10.610992,1.9027023315429688,1.0139618,2.91705322265625
20180418_466539,900,8180,2000,48.782814,0.27294158935546875,3.9823165,1.1474850177764893,25274.285,10782.076171875,-0.07889811,8.36919973604381,-1.5534241e-12,0.40062934160232544,-32.507095,27.539474487304688,0.20982361,4.861663818359375,-2.3593445,4.045379638671875,45.841793,3.174884796142578,16.01801,10.303008079528809,39000.0,0.0,-0.026116423,0.052992943208664656,-1.5534241e-12,0.40062934160232544,0.0,0.0,0.0,0.0,0.0,0.0,41.24565,0.5212888717651367,27.75904,1.2335872650146484,12000.0,5563.5869140625,-0.032173008,0.12913518864661455,-1.5534241e-12,0.40062934160232544,-2.4585266,7.97216796875,1.5435638,2.190826416015625,2.8947144,9.615036010742188
20180417_446232,960,8040,1880,48.804916,0.2965364456176758,3.6505175,1.315119743347168,24908.66,9990.2978515625,-0.057543878,7.582405656576157,-1.5525359e-12,0.40585803985601276,-28.807922,22.59920883178711,-5.277313,9.226264953613281,6.6906586,1.4563980102539062,45.66976,3.2447338104248047,16.143452,10.524234056472778,35000.0,0.0,-0.039812773,0.04515710542909801,-1.5525359e-12,0.40585803985601276,-52.23419,3.7361907958984375,-4.343048,33.67439270019531,-11.059174,10.1171875,41.23443,0.4902925491333008,27.787516,1.1962356567382812,12000.0,4508.772216796875,-0.034892775,0.13334376271814108,-1.5525359e-12,0.40585803985601276,-4.962616,9.6492919921875,10.078766,3.203125,2.823288,2.2466278076171875
20180117_372059,1000,6360,2020,48.80368,0.34861183166503906,3.6696353,1.4149447679519653,24902.44,7468.595703125,-0.06028779,4.067066602408886,0.0,0.1944214478153823,-34.714905,11.2679443359375,-44.75293,10.874176025390625,41.422607,6.65496826171875,45.653114,3.214008331298828,16.465492,10.308730602264404,39000.0,0.0,-0.046884652,0.061949712224304676,0.0,0.1944214478153823,-48.412796,4.52203369140625,-18.544342,32.85107421875,33.05014,10.25,41.26509,0.5785102844238281,27.722946,1.299478530883789,12000.0,7241.37890625,-0.03482535,0.16270344704389572,0.0,0.1944214478153823,-9.664764,14.514266967773438,4.9946594,1.806640625,17.784668,2.3254241943359375
20180121_446669,400,8520,1160,49.091824,0.0032777786254882812,2.8078394,0.4689491391181946,19186.273,7842.443603515625,0.043547325,14.649789478164166,-0.34789428,0.5381069388240576,-21.059654,17.903121948242188,-34.61683,10.926651000976562,33.494858,2.733409881591797,48.59157,4.199913024902344,17.41196,13.000174522399902,35000.0,0.0,-0.14127174,0.2182068396359682,-0.34789428,0.5381069388240576,-54.453293,2.611328125,-11.547211,25.35992431640625,28.564865,11.003345489501953,41.452057,0.786503791809082,28.666447,0.2567868232727051,16000.0,5464.66162109375,0.026355233,0.2420947626233101,-0.34789428,0.5381069388240576,-19.496521,12.04144287109375,9.559631,3.4018936157226562,31.208633,3.02734375
20180416_393840,840,7860,1680,48.78315,0.28116512298583984,3.9778998,1.1417595744132996,23760.871,9554.95361328125,-0.06741533,0.10781213361769915,-5.5067062e-14,0.29931765794757537,-34.959244,18.84027099609375,2.9058838,9.142486572265625,12.081268,2.388580322265625,45.698315,3.1893577575683594,16.60588,10.36957836151123,35000.0,2000.0,-0.039664976,0.024551638402044773,-5.5067062e-14,0.29931765794757537,-54.517868,1.28125,16.794373,27.32855224609375,-5.4690857,16.96484375,41.221985,0.4663209915161133,27.850067,1.149193286895752,12000.0,3383.838623046875,-0.047391154,3.997821444645524,-5.5067062e-14,0.29931765794757537,0.31985474,10.2906494140625,5.990448,1.3902473449707031,-1.768219,0.8136749267578125
20180421_545594,880,8540,1740,48.814903,0.03744983673095703,3.135826,1.2696134448051453,23739.129,9947.33349609375,0.00697982,5.5450756656355225,-1.5525359e-12,0.41884295642375946,-27.768494,20.507568359375,8.325455,2.278888702392578,-2.7021637,2.789794921875,46.95907,3.7024307250976562,16.325718,10.800093173980713,37000.0,0.0,-0.0635297,0.11470037698745728,-1.5525359e-12,0.41884295642375946,-57.603317,0.5458831787109375,-5.99736,28.215850830078125,-10.971359,9.318130493164062,41.23699,0.5220012664794922,27.775105,1.2212333679199219,12000.0,5122.7275390625,-0.044020426,0.7784137204289436,-1.5525359e-12,0.41884295642375946,-9.895874,8.787284851074219,-13.252777,0.3896484375,-8.930115,1.7858123779296875
20181216_524863,820,7060,2040,48.866875,0.23755645751953125,3.3760264,1.0450434684753418,24000.0,9086.466796875,-0.045289088,11.856160692870617,-0.09311948,0.44448800385001164,-40.1109,17.531600952148438,0.09484863,13.586517333984375,29.895172,18.30303955078125,45.901943,3.1765365600585938,15.933099,10.858771324157715,38045.453,4000.0,-0.05140171,0.03335094079375267,-0.09311948,0.44448800385001164,0.0,50.40684509277344,0.0,0.0,0.0,39.45770263671875,41.258526,0.5639381408691406,27.73514,1.2660784721374512,12000.0,6860.85107421875,-0.03293898,0.07613698672503233,-0.09311948,0.44448800385001164,-9.171661,8.524612426757812,8.623192,1.01251220703125,1.1030273,3.2060394287109375
20180816_621941,920,7740,1780,48.800648,0.32039546966552734,3.7135375,1.3487446308135986,25147.084,10296.79541015625,-0.09915736,5.657463371753693,-1.5516477e-12,0.3726578354850063,-27.612,26.98424530029297,11.256332,2.8734703063964844,12.105408,1.5365142822265625,45.62257,3.5795822143554688,16.282993,10.374499320983887,37000.0,0.0,-0.044103213,0.062396876979619265,-1.5516477e-12,0.3726578354850063,-52.626022,3.1462249755859375,0.6720276,6.508941650390625,2.882309,7.5409698486328125,41.226448,0.5045013427734375,27.82366,1.1850738525390625,12000.0,4568.626953125,-0.044781365,1.1618378572165966,-1.5516477e-12,0.3726578354850063,3.8962097,8.67401123046875,7.4692383,2.029388427734375,2.7192535,2.174224853515625
20180119_420516,800,6980,1460,48.84716,0.2232370376586914,3.4376278,1.0583131909370422,23092.82,8840.8212890625,-0.059832945,12.398160679265857,-1.5250023e-12,0.46206734329575627,-43.38124,18.245376586914062,-8.983414,0.5819015502929688,25.201797,3.87298583984375,45.86127,3.3588523864746094,15.9714,11.224455833435059,35000.0,0.0,-0.04404592,0.07476144284009933,-1.5250023e-12,0.46206734329575627,-56.186188,2.359954833984375,-0.6667023,17.590133666992188,55.735138,19.656875610351562,41.25092,0.5051155090332031,27.860313,1.3315544128417969,17000.0,3447.619140625,-0.07406174,2.0123259872198105,-1.5250023e-12,0.46206734329575627,-16.81665,10.980514526367188,-0.3398285,9.607406616210938,16.055328,6.5992584228515625
20180422_601044,1120,7220,1920,48.91252,0.32175445556640625,4.021846,1.6446198225021362,24000.0,7567.55029296875,-0.05049724,8.687762715155259,-5.551115e-14,0.35733333975076675,-29.632202,23.717666625976562,10.25444,2.4015960693359375,16.745682,1.3500213623046875,45.777927,3.094188690185547,16.333488,10.207892417907715,39000.0,0.0,-0.043018244,0.029372842982411385,-5.551115e-14,0.35733333975076675,-58.777313,1.0682220458984375,1.2567749,9.062164306640625,11.651855,2.5929412841796875,41.258602,0.5486831665039062,27.734997,1.258073329925537,12000.0,6476.74462890625,-0.03743133,0.14531993120908737,-5.551115e-14,0.35733333975076675,-1.8452759,15.746002197265625,-7.274048,0.6256561279296875,5.42511,1.36578369140625
20180115_313342,940,7520,1640,48.81041,0.05564689636230469,3.2733614,1.4903607368469238,25891.305,12084.0068359375,0.009344228,10.445014968514442,-0.030625837,0.4826744794845581,-40.05052,22.929351806640625,-0.8913727,12.428314208984375,23.030441,6.3119354248046875,45.757553,3.458195686340332,15.881996,10.252006530761719,37000.0,0.0,-0.048260596,0.0479583446867764,-0.030625837,0.4826744794845581,-53.139786,1.2783203125,-13.366226,10.642776489257812,12.775101,13.814529418945312,41.230965,0.5118799209594727,27.793552,1.2023019790649414,12000.0,4844.97509765625,-0.051393397,1.329994460567832,-0.030625837,0.4826744794845581,-15.385559,9.194534301757812,-0.607666,4.3878326416015625,15.286591,4.9476165771484375
20180815_582270,1020,7340,1860,48.799736,0.3350658416748047,3.7291412,1.3867989778518677,25564.705,10422.951171875,-0.08703895,1.4174959468655288,-1.5525359e-12,0.4163934290409088,-22.702179,27.68231201171875,-5.291794,3.4521636962890625,1.8495483,5.7511749267578125,45.831696,3.1432571411132812,16.042145,10.206258296966553,39000.0,0.0,-0.037271272,0.057192906737327576,-1.5525359e-12,0.4163934290409088,0.0,0.0,0.0,0.0,0.0,0.0,41.30614,0.6709213256835938,27.646587,1.3676605224609375,12000.0,8395.130859375,-0.061421756,0.061065683141350746,-1.5525359e-12,0.4163934290409088,4.317383,15.103851318359375,1.7345581,1.68963623046875,-0.5265045,2.1057891845703125
20181212_417789,720,7280,2160,48.805756,0.11900997161865234,3.6385894,0.8013978004455566,21220.281,9074.90087890625,-0.03140033,16.680027544498444,-1.5520918e-12,0.5245632752791318,-26.38942,24.064208984375,-12.204712,5.51654052734375,0.51457214,1.4728546142578125,46.011917,3.4561023712158203,15.160644,11.279922485351562,41000.0,0.0,-0.05458069,0.057109898421913385,-1.5520918e-12,0.5245632752791318,0.0,0.0,0.0,0.0,0.0,0.0,41.30406,0.6333837509155273,27.650455,1.3106579780578613,12000.0,9193.54833984375,-0.030757494,0.12082442827522755,-1.5520918e-12,0.5245632752791318,-20.305054,10.035186767578125,-4.9108505,2.208343505859375,9.349304,2.525348663330078
20180416_407400,900,7640,1960,48.792492,0.22295761108398438,3.8369591,1.0364220142364502,24190.477,10489.009765625,-0.04814481,3.1309329820796847,-1.4974688e-12,0.271158866584301,-35.34088,23.262954711914062,6.2927856,10.140106201171875,11.652054,3.379486083984375,45.70256,3.2485179901123047,16.348913,10.538171291351318,41000.0,0.0,-0.036863655,0.05220537446439266,-1.4974688e-12,0.271158866584301,-56.633987,6.98876953125,15.281342,24.122604370117188,-1.1646423,11.912567138671875,41.264034,0.5643787384033203,27.724909,1.2801871299743652,12000.0,7039.20849609375,-0.03549704,0.1423411639407277,-1.4974688e-12,0.271158866584301,0.9763489,15.92120361328125,3.312027,5.2969207763671875,-1.8160248,2.0650634765625
20180819_727692,1560,7460,1780,48.654137,0.5561103820800781,4.400358,1.9460992813110352,25000.0,2506.02392578125,-0.049927946,0.11823161412030458,0.0,0.0,-20.60559,0.31640625,0.3194275,1.466796875,2.4148712,2.707752227783203,45.572613,3.1374435424804688,16.654278,9.706284523010254,37000.0,2000.0,-0.027354816,0.053153091575950384,0.0,0.0,0.0,37.73643493652344,0.0,2.2084503173828125,0.0,3.69024658203125,41.22801,0.5052032470703125,27.820765,1.1832733154296875,12000.0,4542.857421875,-0.04455922,2.486863899976015,0.0,0.0,2.5543823,8.790557861328125,-3.6877747,1.6171875,-4.3125153,0.9863128662109375
20181210_363735,1060,7960,1880,48.8065,0.2990608215332031,3.6255774,1.3227028846740723,24557.691,10346.81640625,-0.048088793,2.5760781690478325,0.0,0.19753374904396903,-32.363785,29.051910400390625,-40.898804,12.39801025390625,16.729156,4.36114501953125,45.43025,3.908285140991211,16.79373,11.05642294883728,35000.0,0.0,-0.056494534,0.04214548319578171,0.0,0.19753374904396903,-50.73372,1.940185546875,-11.542053,29.026611328125,10.961014,7.494537353515625,41.004784,0.16358184814453125,27.777224,1.3879575729370117,12000.0,3999.999755859375,0.03975485,0.1187849435955286,0.0,0.19753374904396903,-11.02713,8.878311157226562,3.946289,4.212890625,-5.541397,4.809032440185547
20180118_390992,980,6620,1760,48.80791,0.09204864501953125,3.3168004,1.6267611980438232,26182.795,13080.755859375,0.01185468,18.36903290450573,-1.4974688e-12,0.280005618929863,-39.69098,28.73577880859375,-6.1338043,4.4565887451171875,52.47876,14.103729248046875,45.804733,3.184152603149414,16.251131,10.605759620666504,39000.0,0.0,-0.05651369,0.03526287153363228,-1.4974688e-12,0.280005618929863,-58.715164,3.94927978515625,-31.150253,23.75390625,52.76523,26.3515625,41.257523,0.5769271850585938,27.737064,1.2657108306884766,12000.0,7122.86181640625,-0.049153868,4.1248181983828545,-1.4974688e-12,0.280005618929863,-17.117157,17.578720092773438,-19.654373,5.822265625,9.390381,2.4061279296875
20181211_391843,600,8000,1460,48.82691,0.12134075164794922,3.4973934,0.6374599933624268,19235.293,7259.442626953125,0.003610425,8.85871530417353,-1.5671908e-12,0.4277276396755627,-18.876587,14.381149291992188,-19.728706,1.5541954040527344,5.902603,3.8260574340820312,46.032097,3.3548622131347656,15.511971,11.567171096801758,37000.0,0.0,-0.032629266,0.04981298837810755,-1.5671908e-12,0.4277276396755627,-46.45552,6.3380889892578125,-16.11435,24.0531005859375,11.745636,2.8864898681640625,41.246014,0.4986381530761719,27.868847,1.3169593811035156,17000.0,3137.255859375,-0.07166661,0.2445327453315258,-1.5671908e-12,0.4277276396755627,-24.21939,12.726089477539062,4.264099,2.6953125,10.789017,1.2459564208984375
20180115_310573,880,7700,1740,48.819527,0.22865676879882812,3.5247426,1.1832481622695923,23795.918,9406.06005859375,-0.059050452,3.7366659324616194,-7.7626794e-13,0.41233792901039124,-31.479584,19.817642211914062,-8.9470825,2.0699005126953125,12.647118,3.2365570068359375,46.690437,2.8519058227539062,16.353424,10.802022933959961,36793.812,2000.0,-0.037135627,0.14944113232195377,-7.7626794e-13,0.41233792901039124,-53.701233,1.71875,-13.854248,14.074386596679688,6.8794556,14.35443115234375,41.21222,0.4168434143066406,27.882301,1.1031475067138672,12000.0,2041.66650390625,-0.040991474,0.21024726331233978,-7.7626794e-13,0.41233792901039124,-15.828217,4.4917449951171875,-1.7242737,1.7902069091796875,11.186142,3.9038543701171875
20180422_603402,1160,7400,1700,48.90915,0.3381938934326172,4.0807276,1.6572622656822205,24000.0,8045.064453125,-0.07156903,3.45156972669065,-2.7533531e-14,0.24994553253055996,-30.068436,23.591934204101562,10.396988,3.2786865234375,16.700272,1.0653076171875,46.66913,3.7417755126953125,17.085917,9.94422960281372,37000.0,0.0,-0.062497675,0.10935901943594217,-2.7533531e-14,0.24994553253055996,-58.961014,0.8068084716796875,-4.985489,10.494293212890625,13.042252,3.48388671875,41.248455,0.5358238220214844,27.753841,1.2365989685058594,12000.0,5592.591796875,-0.047607176,0.15359215810894966,-2.7533531e-14,0.24994553253055996,-2.2464905,15.529205322265625,-6.1061096,0.125,6.6614227,0.509490966796875
20180118_393120,940,6500,1700,48.806225,0.2985820770263672,3.6296456,1.3189131021499634,24586.957,10292.2177734375,-0.067175075,6.669487476348877,-1.4974688e-12,0.29566138982922574,-34.3181,24.064239501953125,-6.5306854,3.4874114990234375,47.676132,13.305328369140625,45.770203,3.1760940551757812,16.35816,10.504120826721191,37000.0,0.0,-0.055963337,0.03825676441192627,-1.4974688e-12,0.29566138982922574,-59.33745,2.931640625,-23.63475,28.31683349609375,53.438034,16.867767333984375,41.226353,0.5308799743652344,27.795113,1.206277847290039,12000.0,5375.0,-0.05146429,0.2214420735836029,-1.4974688e-12,0.29566138982922574,-17.639648,13.693145751953125,-16.9897,3.337890625,8.232468,1.48046875
20181215_486101,980,7180,1700,48.890907,0.2987785339355469,4.2533827,1.3840744495391846,24204.545,9923.6953125,-0.08104484,12.521251436322927,-1.5525359e-12,0.3381143957377031,-33.388565,27.537994384765625,-24.991318,10.162567138671875,15.474579,5.3785552978515625,45.492832,3.162973403930664,16.271513,9.967295169830322,35000.0,2000.0,-0.041908726,0.04765450023114681,-1.5525359e-12,0.3381143957377031,-55.148865,10.329727172851562,4.983597,24.064849853515625,21.249496,8.218994140625,41.246838,0.5357437133789062,27.75684,1.2380962371826172,12000.0,5528.302734375,-0.047552813,0.1555701643228531,-1.5525359e-12,0.3381143957377031,-8.733673,13.107254028320312,8.092361,0.796875,13.392258,2.6363372802734375
20181210_363396,940,7840,1860,48.825172,0.23345184326171875,3.5060964,1.1885321140289307,23653.846,9562.447265625,-0.04953153,3.515937924385071,0.0,0.2963699102402284,-32.68431,20.577468872070312,-40.537003,9.880416870117188,20.418213,3.1941070556640625,44.176292,4.469246864318848,15.568206,10.617492198944092,35000.0,2000.0,-0.04838911,0.07765337824821472,0.0,0.2963699102402284,-50.528534,4.3388824462890625,-13.886047,26.499542236328125,13.533463,5.62286376953125,41.02918,0.16988754272460938,27.767118,1.3957862854003906,12000.0,3980.8916015625,0.038250677,0.1400765124708414,0.0,0.2963699102402284,-10.981415,8.282989501953125,4.108017,4.038238525390625,-4.747711,4.14703369140625
20180421_553463,860,7800,1680,48.779312,0.2896747589111328,4.0361934,1.1704550981521606,23903.797,9648.1142578125,-0.0897902,4.750891715288162,-1.5516477e-12,0.42237165570259094,-28.994858,19.176437377929688,8.254883,1.1392364501953125,2.7140808,2.4783935546875,45.76403,3.2217578887939453,16.392635,10.642844676971436,33000.0,0.0,-0.040549904,0.02619675826281309,-1.5516477e-12,0.42237165570259094,-52.739365,0.36322021484375,4.035248,12.88330078125,-2.6154633,7.2678985595703125,41.216133,0.4357576370239258,27.871082,1.119424819946289,12000.0,2386.138916015625,-0.045044526,1.2197820786386728,-1.5516477e-12,0.42237165570259094,-3.9822388,4.702003479003906,-12.246918,0.657440185546875,-9.635651,2.4764366149902344
20181214_463144,1020,7680,1660,48.16933,0.9380283355712891,2.86477,0.3127291202545166,25000.0,9803.1748046875,-0.056226317,7.922999106347561,-1.5516477e-12,0.38027429580693983,-33.332672,25.398231506347656,-20.797302,2.6236038208007812,13.448395,2.8918304443359375,44.963493,2.169034957885742,14.954889,11.712127447128296,35000.0,0.0,-0.00052316894,0.03679556166753173,-1.5516477e-12,0.38027429580693983,-55.752716,3.0892982482910156,1.4759827,24.799819946289062,21.300507,12.861640930175781,41.251053,0.5460338592529297,27.749018,1.2477121353149414,12000.0,5846.154296875,-0.050729908,0.1958472579717636,-1.5516477e-12,0.38027429580693983,-8.653564,12.550827026367188,0.6477814,1.5785675048828125,13.384018,9.120651245117188
20180416_403113,880,7600,1920,48.8272,0.234466552734375,3.49976,1.1881365776062012,24000.0,9481.5576171875,-0.0597111,2.3994321301579475,-1.5374368e-12,0.440520666539717,-34.991882,26.502761840820312,11.060783,3.8630218505859375,12.057709,5.3994903564453125,45.84339,3.172083854675293,16.01418,10.407517433166504,39000.0,2000.0,-0.03117618,0.05772226839326322,-1.5374368e-12,0.440520666539717,-56.866592,6.6358489990234375,15.848251,24.468582153320312,-0.9725342,15.08642578125,41.331738,0.7264862060546875,27.598873,1.4087800979614258,12000.0,9900.990234375,-0.06028001,0.05946299992501736,-1.5374368e-12,0.440520666539717,1.3653564,23.793392181396484,-0.7678375,8.364768981933594,0.07305908,1.5561141967773438
20180814_554600,1000,7360,1980,48.800644,0.34195613861083984,3.7153082,1.4074317812919617,25450.0,10695.7265625,-0.091881275,4.347968459594995,-1.5103474e-12,0.46885617077356145,-29.964188,22.038726806640625,-12.66671,1.91259765625,8.623993,2.389728546142578,45.781822,3.2108964920043945,16.161015,10.390185117721558,39000.0,0.0,-0.033992663,0.05762636847794056,-1.5103474e-12,0.46885617077356145,-52.753784,1.2421875,4.118454,16.96875,6.236038,9.314498901367188,41.24816,0.5370254516601562,27.754385,1.2440776824951172,12000.0,5988.3720703125,-0.0340332,0.13551370054483414,-1.5103474e-12,0.46885617077356145,4.850769,14.743011474609375,1.6477203,0.9609375,-0.6241455,4.0843353271484375
20180417_417373,960,8040,1740,48.784256,0.27326107025146484,3.961495,1.1269702911376953,23576.922,9675.212890625,-0.06684066,0.08134128712117672,-1.4694912e-12,0.307032972574234,-28.943588,18.642013549804688,-14.869278,13.388397216796875,6.6308594,1.5868988037109375,45.728466,3.2120800018310547,16.491047,10.614602088928223,37000.0,0.0,-0.035816163,0.019984028302133083,-1.4694912e-12,0.307032972574234,-54.677444,6.172603607177734,8.635925,24.89202880859375,-5.569031,14.020034790039062,41.24837,0.5425434112548828,27.753996,1.2486209869384766,12000.0,5807.6923828125,-0.044425532,0.136162668466568,-1.4694912e-12,0.307032972574234,-2.2641296,14.2705078125,10.356567,3.55224609375,6.5499115,10.845001220703125
20180816_608347,960,7720,1740,48.789658,0.3105201721191406,4.0323644,1.1340827345848083,23607.594,9718.6298828125,-0.041756887,0.06106673926115036,-1.4965806e-12,0.16943497210746616,-23.992126,20.732254028320312,2.1869202,1.7818984985351562,7.756302,1.970062255859375,45.750923,3.177506446838379,16.423359,10.500143051147461,35000.0,0.0,-0.039866127,0.026507936883717775,-1.4965806e-12,0.16943497210746616,-49.155502,1.7958984375,1.7165909,6.4212799072265625,2.74794,8.728683471679688,41.217342,0.4648876190185547,27.854246,1.1490106582641602,12000.0,3313.7255859375,-0.045830496,0.19872988387942314,-1.4965806e-12,0.16943497210746616,3.9082642,9.0267333984375,3.3993225,0.8781585693359375,1.1734619,2.947265625
20180816_613278,940,7400,1980,48.773838,0.3720855712890625,4.1357765,1.225335955619812,26283.334,11348.4853515625,-0.019436019,5.012284591794014,-1.4965806e-12,0.44933661818504333,-31.380676,26.050582885742188,6.735306,1.6898651123046875,9.545853,2.187530517578125,45.804367,3.131481170654297,16.251694,10.40450143814087,39000.0,0.0,-0.042005666,0.029402497690171003,-1.4965806e-12,0.44933661818504333,-53.401794,1.4430389404296875,4.4906616,7.8649749755859375,2.5907135,9.01171875,41.253613,0.5371799468994141,27.744265,1.248727798461914,12000.0,5977.2724609375,-0.03538195,0.13250457122921944,-1.4965806e-12,0.44933661818504333,3.972046,13.634674072265625,4.994644,1.0405502319335938,1.3287506,2.5902862548828125
20180818_684654,960,7720,1720,48.808914,0.05399608612060547,3.334925,1.4493089318275452,25104.39,10687.716796875,0.005567925,5.524575907737017,-1.4974688e-12,0.40682157874257086,-25.841904,28.127975463867188,-8.721176,3.649017333984375,-2.9518661,8.971923828125,45.90439,3.136096954345703,15.931061,10.720587968826294,35000.0,0.0,-0.04008621,0.029515459667891264,-1.4974688e-12,0.40682157874257086,-48.819855,1.085418701171875,-0.2841339,3.3053436279296875,0.92904663,7.2041015625,41.23172,0.4949836730957031,27.788116,1.200326919555664,12000.0,4555.55517578125,-0.04343448,0.19100426603108644,-1.4974688e-12,0.40682157874257086,2.7360535,9.738861083984375,-3.2967224,1.4747161865234375,-3.8424683,1.998687744140625
20180117_364347,980,5320,3000,48.80675,0.10224151611328125,3.3511345,1.6290936470031738,26413.043,13044.828125,0.007536262,14.581164248287678,-1.5507595e-12,0.4278392344713211,-43.962357,19.682647705078125,-45.04843,10.773025512695312,43.832565,7.72113037109375,46.398033,2.2062292098999023,13.9855995,8.558164834976196,39000.0,0.0,-0.045203038,0.05739921238273382,-1.5507595e-12,0.4278392344713211,-48.269226,0.6680908203125,-3.714798,23.116104125976562,40.529587,13.23681640625,41.952908,1.4384193420410156,26.787123,3.323063850402832,27056.451,25000.0,-0.1102989,0.1831775326281786,-1.5507595e-12,0.4278392344713211,-38.836243,40.5458984375,-2.6693268,9.428924560546875,55.331543,45.052734375
20180419_503096,1000,7660,1960,48.798153,0.3534078598022461,3.7529936,1.4262613654136658,25759.494,10750.14404296875,-0.07171002,2.9738243520259857,-7.7537976e-13,0.4313615262508943,-33.217056,22.591842651367188,8.865692,4.1812286376953125,-6.6072845,1.6983642578125,46.353413,2.9825210571289062,16.038582,10.495722770690918,41000.0,0.0,-0.06460465,0.09457576461136341,-7.7537976e-13,0.4313615262508943,-57.135452,0.64996337890625,-12.690384,5.894012451171875,-12.929642,6.8876953125,41.249245,0.5351886749267578,27.752369,1.2387332916259766,12000.0,6000.00048828125,-0.034868114,0.08748489990830421,-7.7537976e-13,0.4313615262508943,-2.3004456,12.708221435546875,-4.955002,1.228515625,-1.4796448,1.369140625
20181216_509970,980,1780,7080,48.893063,0.298065185546875,4.247636,1.384253978729248,24155.555,9938.9921875,-0.08091304,18.48378548771143,-1.4965806e-12,0.38986603915766205,-31.127472,27.682464599609375,2.5938873,8.6651611328125,19.834778,14.669586181640625,48.16453,0.5903778076171875,8.941828,3.115971088409424,35000.0,0.0,-0.035544395,0.10970982350409031,-1.4965806e-12,0.38986603915766205,-56.836853,0.7734375,-29.869934,19.424896240234375,47.054367,1.5389251708984375,43.810986,3.0841150283813477,21.98811,9.640821933746338,35000.0,4763.39306640625,-0.059950147,0.06542564881965518,-1.4965806e-12,0.38986603915766205,-18.200546,51.25508117675781,0.0,26.764854431152344,4.933243,16.329578399658203
20180418_449616,960,7400,2480,48.809364,0.050220489501953125,3.321927,1.4167653322219849,25019.781,10429.9736328125,0.0054595936,3.9011166896671057,-5.5067062e-14,0.2627336531878002,-28.981224,27.529541015625,-3.3526077,6.3482666015625,4.8202667,3.230438232421875,46.185394,2.661558151245117,14.86072,9.674181699752808,37000.0,2000.0,-0.037949175,0.03926318418234587,-5.5067062e-14,0.2627336531878002,-55.7809,5.42254638671875,-13.675674,25.132614135742188,-11.027939,12.822708129882812,41.567703,0.9656276702880859,27.225426,2.3187146186828613,15142.857,23000.0,-0.04424336,0.17515329644083977,-5.5067062e-14,0.2627336531878002,-10.711426,46.10406494140625,7.2725067,6.486114501953125,4.6148376,14.470016479492188
20180117_364837,300,8260,1120,49.091644,0.003215789794921875,2.829666,0.4532632827758789,19526.316,7440.5458984375,18.780167,35.131775856018066,-0.6310559,0.14802956581115723,-24.283295,15.326202392578125,-33.278168,18.438796997070312,31.192719,11.92095947265625,48.459656,4.229015350341797,17.639154,12.453815460205078,35000.0,0.0,-0.13670503,0.2388438582420349,-0.6310559,0.14802956581115723,-50.617447,2.4091644287109375,-10.106689,37.78349304199219,27.66008,18.24169921875,41.44138,0.7685356140136719,28.673,0.25446271896362305,16000.0,4951.85302734375,0.0102445055,4.6756643783301115,-0.6310559,0.14802956581115723,-19.078262,10.695404052734375,4.302704,0.546875,20.280212,6.0026702880859375
20180420_543213,480,8600,2060,49.09065,0.004157066345214844,3.0154462,0.6128673553466797,19483.871,7654.22216796875,0.019981034,13.352247833041474,-0.13205543,0.6118281781669259,-17.445892,19.382537841796875,6.896332,2.4745521545410156,-1.5213776,3.7610626220703125,48.84303,3.911465644836426,16.807941,11.454128503799438,39000.0,431.25,-0.12972291,0.20014139544218779,-0.13205543,0.6118281781669259,-57.603912,0.35693359375,-12.240234,29.885421752929688,-6.368698,12.313995361328125,41.26273,0.5664501190185547,27.727337,1.2678403854370117,12000.0,6871.0146484375,-0.03267781,0.10079992935061455,-0.13205543,0.6118281781669259,-9.932587,12.304885864257812,-12.216339,1.663421630859375,-5.231537,0.4134979248046875
20180120_434274,940,7000,1320,48.806618,0.2953777313232422,3.6238182,1.3128725290298462,24543.479,10257.6298828125,-0.067192376,7.3431254625320435,-1.5516477e-12,0.3564912378788545,-33.66507,25.829147338867188,-29.586761,27.1353759765625,42.7061,5.8155517578125,45.754765,3.264836311340332,16.422798,10.78721570968628,35000.0,0.0,-0.051325414,0.034156166948378086,-1.5516477e-12,0.3564912378788545,-56.955048,4.592472076416016,-18.976944,35.67023468017578,33.89293,11.506271362304688,41.24093,0.48212242126464844,27.880201,1.3230605125427246,17000.0,2734.69384765625,-0.08784151,5.3437235429883,-1.5516477e-12,0.3564912378788545,-17.344543,11.219402313232422,10.070679,1.3306732177734375,23.735672,5.897743225097656
20180813_515259,900,7720,1720,48.81326,0.23831558227539062,3.543115,1.1998167037963867,23959.184,9493.24609375,-0.055705246,5.660047948360443,-1.4974688e-12,0.398606613279914,-24.753998,19.357467651367188,0.70791626,4.0493011474609375,21.07019,2.967376708984375,45.80722,3.2944564819335938,16.100538,10.784256219863892,35000.0,2000.0,-0.035516147,0.05483459681272507,-1.4974688e-12,0.398606613279914,-48.064606,0.8604583740234375,0.96536255,15.298126220703125,6.578621,7.148647308349609,41.222614,0.47005271911621094,27.850521,1.15191650390625,12000.0,3352.941162109375,-0.045230426,1.179893957450986,-1.4974688e-12,0.398606613279914,3.5978699,7.738372802734375,-2.434967,0.769775390625,-2.1154327,2.571918487548828
20180121_464150,980,6740,1960,48.777653,0.3170661926269531,4.060385,1.230480670928955,25891.428,11392.59765625,-0.044283982,2.9984642527997494,-1.5543122e-12,0.4044814556837082,-38.669876,28.091888427734375,-34.150528,16.472122192382812,25.46399,3.368438720703125,45.69492,3.2576370239257812,16.366974,10.5193510055542,41000.0,0.0,-0.04616991,0.057373177260160446,-1.5543122e-12,0.4044814556837082,-54.006546,8.03216552734375,-26.649277,50.920257568359375,22.076782,5.836090087890625,41.260353,0.5563516616821289,27.731739,1.2630257606506348,12000.0,6686.04638671875,-0.03575205,0.14919764269143343,-1.5543122e-12,0.4044814556837082,-9.90744,14.142608642578125,12.48616,2.419017791748047,15.618637,4.24658203125
20181214_482640,580,7780,1700,48.8211,0.11774063110351562,3.5167167,0.6413826942443848,19450.0,7189.0634765625,0.003217633,10.328104019165039,-0.12576042,0.3848484754562378,-21.064407,17.296493530273438,-22.46811,3.6182861328125,10.643448,4.08990478515625,45.860783,3.7445144653320312,15.596643,11.014074325561523,35000.0,2000.0,-0.03902677,0.07194851315580308,-0.12576042,0.3848484754562378,-54.62523,6.2122955322265625,3.3437347,24.363845825195312,22.047455,11.757598876953125,41.22001,0.47100067138671875,27.836166,1.1603889465332031,12000.0,3590.4765625,-0.046352513,0.19580814242362976,-0.12576042,0.3848484754562378,-8.418457,8.293243408203125,0.07978821,3.5850830078125,13.554901,5.8514251708984375
20181212_423635,600,7600,1780,48.83896,0.15597152709960938,3.4746082,0.6373757123947144,19250.0,7302.81640625,0.0031778775,3.367435844615102,-1.4956925e-12,0.23801385238767336,-20.707382,16.816009521484375,-17.41423,8.102096557617188,1.7050247,4.468963623046875,46.052505,3.557891845703125,15.042892,11.569363117218018,35000.0,0.0,-0.054096133,0.07668249204289168,-1.4956925e-12,0.23801385238767336,-48.32637,2.666149139404297,-14.84227,12.679473876953125,16.962738,9.331710815429688,41.233326,0.5103645324707031,27.80887,1.2004013061523438,12000.0,4775.701171875,-0.044648726,0.17088744416832924,-1.4956925e-12,0.23801385238767336,-20.405731,9.18487548828125,-5.917511,1.0598602294921875,8.498795,3.7227020263671875
20180814_542038,920,8080,1680,48.238613,0.8531427383422852,2.6588058,0.6604362726211548,24835.85,10738.404296875,-0.064066544,0.33196263993158937,-1.4965806e-12,0.3587331175804138,-22.308044,27.499114990234375,-17.070404,9.275802612304688,7.4615326,1.2987213134765625,45.000328,2.1628808975219727,14.7808075,11.743030309677124,37000.0,0.0,-9.637282e-06,0.03271682024933398,-1.4965806e-12,0.3587331175804138,-52.087967,1.341156005859375,4.623535,13.65380859375,4.921646,5.837093353271484,41.24271,0.5362052917480469,27.764496,1.2344574928283691,12000.0,5470.58837890625,-0.048010793,0.1633406411856413,-1.4965806e-12,0.3587331175804138,4.31958,13.773834228515625,0.5998993,0.610107421875,-1.0392456,3.6316070556640625
20180116_341017,1000,6440,1340,48.795315,0.39394092559814453,3.794933,1.4951409697532654,25605.504,11276.38671875,-0.06310971,9.399675287306309,-1.5250023e-12,0.46195784211198965,-37.25699,17.405624389648438,-24.340591,7.743896484375,66.54994,10.84356689453125,45.655327,3.2438039779663086,16.722271,10.42151951789856,37000.0,0.0,-0.062071405,0.038756610825657845,-1.5250023e-12,0.46195784211198965,-49.064415,2.3981781005859375,-22.719818,6.2262115478515625,41.256058,18.4034423828125,41.254654,0.5011253356933594,27.856775,1.3535566329956055,17000.0,3591.8369140625,-0.089931294,6.012188076972961,-1.5250023e-12,0.46195784211198965,-21.744003,9.560623168945312,-0.9911041,1.1434478759765625,20.746033,0.9296875
20181213_446747,560,7720,1360,48.8211,0.11577701568603516,3.5167136,0.6302130818367004,19450.0,7059.72216796875,-0.035895295,14.956566387205385,-0.048265662,0.4775915592908859,-24.98159,9.599212646484375,-12.39167,15.431365966796875,9.956139,23.261093139648438,45.692085,3.6036529541015625,15.480377,11.357439279556274,35000.0,0.0,-0.038879126,0.10516038862988353,-0.048265662,0.4775915592908859,-49.9682,1.8956146240234375,-10.055328,3.9725189208984375,26.729523,3.3359375,41.24151,0.4770364761352539,27.881323,1.3327579498291016,17000.0,2776.6982421875,-0.08401018,5.271790534257889,-0.048265662,0.4775915592908859,-21.807816,11.662704467773438,-2.205841,2.986328125,25.420212,6.392791748046875
20181213_443717,960,7180,1400,48.780098,0.2877168655395508,4.023471,1.1678349375724792,25600.0,10774.9609375,-0.055863395,1.1242204464506358,-1.5538681e-12,0.3458801992237981,-37.068954,23.241867065429688,-22.545654,12.17254638671875,16.125763,13.9544677734375,44.62487,3.022289276123047,15.196704,10.690500259399414,37000.0,2000.0,0.005413683,0.11730437260121107,-1.5538681e-12,0.3458801992237981,-50.67949,2.063232421875,-12.246811,9.187881469726562,25.542007,6.4802093505859375,41.31884,0.691314697265625,27.62292,1.4327988624572754,17000.0,7740.00048828125,-0.10928549,1.553169634193182,-1.5538681e-12,0.3458801992237981,-22.159775,17.597259521484375,-2.800537,3.4738922119140625,32.31703,4.191650390625
20180418_478047,500,8540,1900,49.08059,0.041309356689453125,3.4722126,0.5979135036468506,19354.545,7551.4619140625,0.03866963,8.647201455198228,-0.093892954,0.5803894996642791,-13.750641,18.044296264648438,6.7515717,1.0172576904296875,-4.2573853,2.5345611572265625,48.802357,4.008695602416992,17.023905,11.26914644241333,39000.0,2000.0,-0.12994604,0.18508337438106537,-0.093892954,0.5803894996642791,0.0,0.0,0.0,0.0,0.0,0.0,41.25432,0.5475006103515625,27.742952,1.2509689331054688,12000.0,6341.462890625,-0.037884384,0.15899179875850677,-0.093892954,0.5803894996642791,-1.7095642,6.63751220703125,-2.9450226,1.9638214111328125,3.97023,2.47021484375
20181215_505577,620,1220,7960,48.799934,0.12241744995117188,3.724006,0.8618819713592529,21898.55,8897.921875,-0.048691027,23.52358341217041,-0.09775658,0.5633159875855345,-24.548462,22.172035217285156,-2.0525513,1.5974884033203125,22.25241,3.6211090087890625,48.175587,0.4197273254394531,6.6191115,2.090449810028076,31000.0,1000.0,-0.06246856,0.1892370842397213,-0.09775658,0.5633159875855345,-47.63301,0.742767333984375,-13.677521,12.478515625,29.678772,1.21484375,44.18461,3.7790565490722656,20.659367,10.649439334869385,31000.0,5394.5947265625,-0.04767136,0.05224080290645361,-0.09775658,0.5633159875855345,-46.7538,11.236343383789062,6.4189606,39.790836334228516,7.9758453,12.972412109375
20180814_542043,1000,7420,2000,48.80049,0.34222984313964844,3.7176085,1.408011019229889,25469.137,10700.6337890625,-0.08944431,3.6978115637321025,-1.6360246e-12,0.4830857813359011,-30.247604,21.106781005859375,-25.86885,17.101104736328125,6.316513,1.49945068359375,45.81991,3.192058563232422,16.070286,10.29991865158081,39000.0,0.0,-0.033215966,0.05653108283877373,-1.6360246e-12,0.4830857813359011,-51.895264,2.0586090087890625,6.102463,10.527931213378906,6.4450836,7.403633117675781,41.250275,0.5333700180053711,27.750458,1.2508506774902344,12000.0,6000.00048828125,-0.03268154,0.13923863042145967,-1.6360246e-12,0.4830857813359011,4.335266,14.116668701171875,0.2554779,1.8016357421875,-0.07157898,4.0225677490234375
20180818_692917,1100,7440,1880,48.91835,0.2616157531738281,3.9165916,1.4792131185531616,24000.0,6856.9228515625,-0.028147671,0.08693252876400948,0.0,0.26036688685417175,-22.258652,14.3048095703125,-6.3426666,1.8044052124023438,-1.5720673,3.58966064453125,45.864094,3.025829315185547,16.058527,10.134362936019897,37000.0,2000.0,-0.03804084,0.04094402585178614,0.0,0.26036688685417175,-53.7901,3.394439697265625,-1.2341614,3.4765625,4.24588,6.079833984375,41.231537,0.5311393737792969,27.80103,1.2123870849609375,12000.0,5347.05029296875,-0.040655106,0.16345095075666904,0.0,0.26036688685417175,2.763916,12.790802001953125,-3.938408,2.3323211669921875,-4.019333,2.0616607666015625
20180817_642528,800,7800,1680,48.817055,0.03298664093017578,3.0546365,1.1308057308197021,23175.652,9088.27783203125,0.006866893,12.227235019207,-1.5241142e-12,0.3658510744572099,-24.887299,19.251052856445312,0.31550598,10.816146850585938,4.8881454,8.305511474609375,45.9637,3.167604446411133,15.733395,11.061604738235474,33000.0,0.0,-0.04471109,0.038432138971984386,-1.5241142e-12,0.3658510744572099,-48.119827,3.25836181640625,-0.18836975,9.408203125,8.467636,7.2224578857421875,41.21954,0.4259986877441406,27.856167,1.1232318878173828,12000.0,2247.7060546875,-0.042343304,0.15839966759085655,-1.5241142e-12,0.3658510744572099,2.0422058,4.4635009765625,0.852005,1.0186729431152344,-1.4814453,0.7683563232421875
20181214_474341,960,7100,1920,48.778698,0.2940788269042969,4.0446,1.1769292950630188,25767.123,10809.88916015625,-0.056418672,4.875832881196402,-1.6360246e-12,0.3022189065814018,-40.049164,22.66476058959961,-23.234657,1.4478759765625,11.485001,1.7736778259277344,45.454113,2.9766063690185547,15.570121,10.500840663909912,39000.0,0.0,-0.036236197,0.0585025388354552,-1.6360246e-12,0.3022189065814018,-55.09102,6.4639434814453125,4.669098,21.171478271484375,20.220673,16.692459106445312,41.266457,0.5748367309570312,27.720413,1.2793469429016113,12000.0,7178.5712890625,-0.0384354,0.14229785930365324,-1.6360246e-12,0.3022189065814018,-9.77475,12.69113540649414,2.6287308,1.669921875,14.584274,7.873931884765625
